period,state,inflation_pct
2026-01-01,Andaman And Nicobar Islands,4.27
2026-01-01,Andhra Pradesh,2.82
2026-01-01,Arunachal Pradesh,1.35
2026-01-01,Assam,0.8
2026-01-01,Bihar,2.49
2026-01-01,Chandigarh,2.36
2026-01-01,Chhattisgarh,1.66
2026-01-01,Goa,1.92
2026-01-01,Gujarat,2.1
2026-01-01,Haryana,2.55
2026-01-01,Himachal Pradesh,2.93
2026-01-01,Jammu And Kashmir,1.34
2026-01-01,Jharkhand,2.02
2026-01-01,Karnataka,2.99
2026-01-01,Kerala,3.68
2026-01-01,Ladakh,1.76
2026-01-01,Lakshadweep,3.02
2026-01-01,Madhya Pradesh,2.72
2026-01-01,Maharashtra,2.58
2026-01-01,Manipur,0.12
2026-01-01,Meghalaya,1.66
2026-01-01,Mizoram,0.25
2026-01-01,Nagaland,2.35
2026-01-01,Nct Of Delhi,2.15
2026-01-01,Odisha,1.88
2026-01-01,Puducherry,3.39
2026-01-01,Punjab,2.7
2026-01-01,Rajasthan,3.18
2026-01-01,Sikkim,3.04
2026-01-01,Tamil Nadu,3.35
2026-01-01,Telangana,4.92
2026-01-01,The Dadra And Nagar Haveli And Daman And Diu,2.58
2026-01-01,Tripura,1.29
2026-01-01,Uttar Pradesh,2.67
2026-01-01,Uttarakhand,2.19
2026-01-01,West Bengal,2.79
2026-02-01,Andaman And Nicobar Islands,4.06
2026-02-01,Andhra Pradesh,3.45
2026-02-01,Arunachal Pradesh,1.9
2026-02-01,Assam,2.33
2026-02-01,Bihar,2.85
2026-02-01,Chandigarh,2.71
2026-02-01,Chhattisgarh,1.8
2026-02-01,Goa,2.18
2026-02-01,Gujarat,2.79
2026-02-01,Haryana,2.83
2026-02-01,Himachal Pradesh,2.94
2026-02-01,Jammu And Kashmir,1.86
2026-02-01,Jharkhand,2.63
2026-02-01,Karnataka,3.34
2026-02-01,Kerala,3.49
2026-02-01,Ladakh,1.55
2026-02-01,Lakshadweep,3.6
2026-02-01,Madhya Pradesh,3.43
2026-02-01,Maharashtra,3.06
2026-02-01,Manipur,1.01
2026-02-01,Meghalaya,2.57
2026-02-01,Mizoram,0.11
2026-02-01,Nagaland,2.77
2026-02-01,Nct Of Delhi,1.94
2026-02-01,Odisha,3.27
2026-02-01,Puducherry,3.46
2026-02-01,Punjab,3.1
2026-02-01,Rajasthan,3.49
2026-02-01,Sikkim,3.64
2026-02-01,Tamil Nadu,3.43
2026-02-01,Telangana,5.02
2026-02-01,The Dadra And Nagar Haveli And Daman And Diu,3.25
2026-02-01,Tripura,2.1
2026-02-01,Uttar Pradesh,3.43
2026-02-01,Uttarakhand,2.69
2026-02-01,West Bengal,3.44
2026-03-01,Andaman And Nicobar Islands,3.44
2026-03-01,Andhra Pradesh,4.05
2026-03-01,Arunachal Pradesh,2.31
2026-03-01,Assam,2.83
2026-03-01,Bihar,2.92
2026-03-01,Chandigarh,3.17
2026-03-01,Chhattisgarh,1.35
2026-03-01,Goa,2.21
2026-03-01,Gujarat,3.07
2026-03-01,Haryana,2.68
2026-03-01,Himachal Pradesh,3.05
2026-03-01,Jammu And Kashmir,2.2
2026-03-01,Jharkhand,3.08
2026-03-01,Karnataka,3.96
2026-03-01,Kerala,3.62
2026-03-01,Ladakh,0.94
2026-03-01,Lakshadweep,3.29
2026-03-01,Madhya Pradesh,3.49
2026-03-01,Maharashtra,3.44
2026-03-01,Manipur,1.96
2026-03-01,Meghalaya,2.96
2026-03-01,Mizoram,0.66
2026-03-01,Nagaland,3.23
2026-03-01,Nct Of Delhi,1.86
2026-03-01,Odisha,3.32
2026-03-01,Puducherry,4.18
2026-03-01,Punjab,2.97
2026-03-01,Rajasthan,3.64
2026-03-01,Sikkim,4.28
2026-03-01,Tamil Nadu,3.77
2026-03-01,Telangana,5.83
2026-03-01,The Dadra And Nagar Haveli And Daman And Diu,3.19
2026-03-01,Tripura,2.25
2026-03-01,Uttar Pradesh,3.43
2026-03-01,Uttarakhand,3.31
2026-03-01,West Bengal,2.84
2026-04-01,Andaman And Nicobar Islands,3.24
2026-04-01,Andhra Pradesh,4.2
2026-04-01,Arunachal Pradesh,2.07
2026-04-01,Assam,3.22
2026-04-01,Bihar,2.74
2026-04-01,Chandigarh,3.52
2026-04-01,Chhattisgarh,1.77
2026-04-01,Goa,2.2
2026-04-01,Gujarat,2.85
2026-04-01,Haryana,2.96
2026-04-01,Himachal Pradesh,3.67
2026-04-01,Jammu And Kashmir,2.67
2026-04-01,Jharkhand,2.88
2026-04-01,Karnataka,4.0
2026-04-01,Kerala,3.77
2026-04-01,Ladakh,2.02
2026-04-01,Lakshadweep,3.42
2026-04-01,Madhya Pradesh,3.67
2026-04-01,Maharashtra,3.13
2026-04-01,Manipur,2.33
2026-04-01,Meghalaya,2.97
2026-04-01,Mizoram,0.69
2026-04-01,Nagaland,3.46
2026-04-01,Nct Of Delhi,1.96
2026-04-01,Odisha,3.44
2026-04-01,Puducherry,4.41
2026-04-01,Punjab,3.3
2026-04-01,Rajasthan,3.77
2026-04-01,Sikkim,4.16
2026-04-01,Tamil Nadu,4.18
2026-04-01,Telangana,5.81
2026-04-01,The Dadra And Nagar Haveli And Daman And Diu,3.31
2026-04-01,Tripura,2.34
2026-04-01,Uttar Pradesh,3.59
2026-04-01,Uttarakhand,3.5
2026-04-01,West Bengal,2.95
2026-05-01,Andaman And Nicobar Islands,4.4
2026-05-01,Andhra Pradesh,4.9
2026-05-01,Arunachal Pradesh,2.58
2026-05-01,Assam,3.44
2026-05-01,Bihar,2.94
2026-05-01,Chandigarh,3.8
2026-05-01,Chhattisgarh,2.87
2026-05-01,Goa,2.47
2026-05-01,Gujarat,3.27
2026-05-01,Haryana,3.09
2026-05-01,Himachal Pradesh,3.05
2026-05-01,Jammu And Kashmir,2.84
2026-05-01,Jharkhand,3.86
2026-05-01,Karnataka,4.59
2026-05-01,Kerala,4.3
2026-05-01,Ladakh,3.14
2026-05-01,Lakshadweep,3.57
2026-05-01,Madhya Pradesh,4.17
2026-05-01,Maharashtra,3.35
2026-05-01,Manipur,2.79
2026-05-01,Meghalaya,2.7
2026-05-01,Mizoram,1.03
2026-05-01,Nagaland,3.3
2026-05-01,Nct Of Delhi,2.5
2026-05-01,Odisha,4.54
2026-05-01,Puducherry,5.0
2026-05-01,Punjab,3.34
2026-05-01,Rajasthan,4.17
2026-05-01,Sikkim,4.23
2026-05-01,Tamil Nadu,5.11
2026-05-01,Telangana,6.15
2026-05-01,The Dadra And Nagar Haveli And Daman And Diu,3.99
2026-05-01,Tripura,2.02
2026-05-01,Uttar Pradesh,3.97
2026-05-01,Uttarakhand,3.72
2026-05-01,West Bengal,3.44
2026-06-01,Andaman And Nicobar Islands,4.7
2026-06-01,Andhra Pradesh,5.39
2026-06-01,Arunachal Pradesh,2.47
2026-06-01,Assam,3.58
2026-06-01,Bihar,3.29
2026-06-01,Chandigarh,4.28
2026-06-01,Chhattisgarh,3.9
2026-06-01,Goa,3.09
2026-06-01,Gujarat,4.01
2026-06-01,Haryana,3.81
2026-06-01,Himachal Pradesh,3.33
2026-06-01,Jammu And Kashmir,3.52
2026-06-01,Jharkhand,4.29
2026-06-01,Karnataka,4.79
2026-06-01,Kerala,4.34
2026-06-01,Ladakh,4.03
2026-06-01,Lakshadweep,3.1
2026-06-01,Madhya Pradesh,5.09
2026-06-01,Maharashtra,3.82
2026-06-01,Manipur,2.94
2026-06-01,Meghalaya,2.63
2026-06-01,Mizoram,1.63
2026-06-01,Nagaland,2.83
2026-06-01,Nct Of Delhi,2.96
2026-06-01,Odisha,5.15
2026-06-01,Puducherry,5.39
2026-06-01,Punjab,3.83
2026-06-01,Rajasthan,4.7
2026-06-01,Sikkim,4.49
2026-06-01,Tamil Nadu,5.24
2026-06-01,Telangana,6.36
2026-06-01,The Dadra And Nagar Haveli And Daman And Diu,4.27
2026-06-01,Tripura,1.63
2026-06-01,Uttar Pradesh,4.56
2026-06-01,Uttarakhand,4.12
2026-06-01,West Bengal,3.95
2026-07-01,Andaman And Nicobar Islands,4.15
2026-07-01,Andhra Pradesh,5.72
2026-07-01,Arunachal Pradesh,2.56
2026-07-01,Assam,3.49
2026-07-01,Bihar,3.59
2026-07-01,Chandigarh,4.3
2026-07-01,Chhattisgarh,3.37
2026-07-01,Goa,3.35
2026-07-01,Gujarat,4.01
2026-07-01,Haryana,3.83
2026-07-01,Himachal Pradesh,3.63
2026-07-01,Jammu And Kashmir,3.87
2026-07-01,Jharkhand,3.5
2026-07-01,Karnataka,4.89
2026-07-01,Kerala,4.01
2026-07-01,Ladakh,5.17
2026-07-01,Lakshadweep,3.22
2026-07-01,Madhya Pradesh,4.91
2026-07-01,Maharashtra,4.09
2026-07-01,Manipur,3.09
2026-07-01,Meghalaya,2.31
2026-07-01,Mizoram,1.84
2026-07-01,Nagaland,2.82
2026-07-01,Nct Of Delhi,2.68
2026-07-01,Odisha,4.83
2026-07-01,Puducherry,5.41
2026-07-01,Punjab,4.21
2026-07-01,Rajasthan,4.82
2026-07-01,Sikkim,4.59
2026-07-01,Tamil Nadu,5.44
2026-07-01,Telangana,6.32
2026-07-01,The Dadra And Nagar Haveli And Daman And Diu,4.03
2026-07-01,Tripura,2.32
2026-07-01,Uttar Pradesh,4.74
2026-07-01,Uttarakhand,4.21
2026-07-01,West Bengal,3.89
