year,month,period,carrier_name,carrier,service_type,source_file,departures,hours_flown,passengers,rpk_thousand,ask_thousand,pax_load_factor,freight_tonne,mail_tonne,cargo_total_tonne,tkm_passenger_thousand,tkm_freight_thousand,tkm_mail_thousand,atk_thousand,weight_load_factor,load_factor_derived,load_factor_gap,ask_yoy_pct,ask_mom_pct,pax_yoy_pct
2026,1,2026-01-01,INDIGO,6E,nonscheduled_domestic,indigo26.xlsx,251,208.133,22991,15109.0,17810.0,84.83,705.5956,1.638,707.2336,1355.02137,1041.107845,2.941033,4223.38439,56.8,84.83,0.0,,,
2026,1,2026-01-01,INDIGO,6E,nonscheduled_international,indigo26.xlsx,163,339.002414,0,0.0,0.0,,2277.5753,0.0,2277.5753,0.0,5022.203862,0.0,7860.661676,63.89,,,,,
2026,1,2026-01-01,INDIGO,6E,scheduled_domestic,indigo26.xlsx,58905,52623.353,9704113,9207043.0,10501553.0,87.67,25942.02,2724.721,28666.741,828630.12879,30169.433972,2418.396196,1175608.45788,73.26,87.67,0.0,,,
2026,1,2026-01-01,INDIGO,6E,scheduled_international,indigo26.xlsx,9368,25506.02,1655763,4716788.0,5463909.0,86.33,5878.369,5.502,5883.871,424511.34813,22768.83221,13.18571,486335.441095,91.97,86.33,0.0,,,
2026,1,2026-01-01,ALLIANCE AIR,9I,scheduled_domestic,alliance_air26.xlsx,1378,566.423,57459,24249.432,37442.125,64.77,0.0,0.0,0.0,2206.6983,0.0,0.0,3585.4402,61.55,64.77,0.0,,,
2026,1,2026-01-01,AIR INDIA,AI,nonscheduled_domestic,Air_India26.xlsx,141,69.174,20894,10687.918,12003.896,89.04,3.1249091,0.0,3.1249091,1028.346624,1.937952,0.0,1132.930692,90.94,89.04,0.0,,,
2026,1,2026-01-01,AIR INDIA,AI,scheduled_domestic,Air_India26.xlsx,15435,16604.5,2297474,2427786.768,2804433.74,86.57,28046.5332696,702.431459,28748.9647286,218449.538637,36099.4178520001,737.898512989999,283950.487881,89.91,86.57,0.0,,,
2026,1,2026-01-01,AIR INDIA,AI,scheduled_international,Air_India26.xlsx,4976,23050.198,920748,4850136.785,5902119.945,82.18,43886.4098734,258.222,44144.6318734,512149.443479999,260280.674784,1750.7800159,854463.4245648,90.6,82.18,0.0,,,
2026,1,2026-01-01,BLUEDART,BZ,nonscheduled_domestic,bluedart26.xlsx,56,69.0,0,0.0,0.0,,927.789,0.0,927.789,0.0,1186.0,0.0,2074.0,57.18,,,,,
2026,1,2026-01-01,BLUEDART,BZ,scheduled_domestic,bluedart26.xlsx,566,546.0,0,0.0,0.0,,10231.954,0.0,10231.954,0.0,10164.0,0.0,16152.0,62.93,,,,,
2026,1,2026-01-01,INDIA ONE AIR,I1,scheduled_domestic,india_one_air26.xlsx,263,83.465,1573,521.73,751.185,69.45,0.0,0.0,0.0,46.9557,0.0,0.0,67.60665,69.45,69.45,0.0,,,
2026,1,2026-01-01,FLY91,IC,nonscheduled_domestic,fly91_26.xlsx,4,3.98,215,213.93,278.6,76.79,0.0,0.0,0.0,16.04,0.0,0.0,23.68,67.74,76.79,0.0,,,
2026,1,2026-01-01,FLY91,IC,scheduled_domestic,fly91_26.xlsx,588,268.0,33186,15073.09,18195.99,82.84,0.0,0.0,0.0,1247.16,0.0,0.0,1546.66,80.64,82.84,0.0,,,
2026,1,2026-01-01,AIR INDIA EXPRESS,IX,nonscheduled_domestic,air_india_express26.xlsx,26,8.242,3567,1130.739,1557.738,72.59,0.0,0.0,0.0,84.805425,0.0,0.0,164.84,51.45,72.59,0.0,,,
2026,1,2026-01-01,AIR INDIA EXPRESS,IX,nonscheduled_international,air_india_express26.xlsx,6,20.802,406,1407.602,3827.568,36.78,0.0,0.0,0.0,105.57015,0.0,0.0,416.04,25.37,36.78,0.0,,,
2026,1,2026-01-01,AIR INDIA EXPRESS,IX,scheduled_domestic,air_india_express26.xlsx,11270,10986.944,1736876,1728181.198,2002604.183,86.3,9184.003,0.0,9184.003,172818.1198,10516.844824,0.0,219738.88,83.43,86.3,0.0,,,
2026,1,2026-01-01,AIR INDIA EXPRESS,IX,scheduled_international,air_india_express26.xlsx,3603,9740.49422237444,588317,1590794.94140669,1791836.58709854,88.78,2226.383,0.0,2226.383,122965.561090771,6181.16869166248,0.0,194809.884447489,66.29,88.78,0.0,,,
2026,1,2026-01-01,QUIKJET CARGO,QO,nonscheduled_domestic,quikjetcargo26.xlsx,61,72.864,0,0.0,0.0,,570.71,0.0,570.71,0.0,691.063357,0.0,1603.008,43.11,,,,,
2026,1,2026-01-01,QUIKJET CARGO,QO,nonscheduled_international,quikjetcargo26.xlsx,24,56.069,0,0.0,0.0,,192.013,0.0,192.013,0.0,576.807052,0.0,1233.518,46.76,,,,,
2026,1,2026-01-01,QUIKJET CARGO,QO,scheduled_domestic,quikjetcargo26.xlsx,37,43.841,0,0.0,0.0,,442.904,0.0,442.904,0.0,522.301902,0.0,964.502,54.15,,,,,
2026,1,2026-01-01,AKASA AIR,QP,nonscheduled_domestic,akasa_air_26.xlsx,10,10.423,1474,1470.083,1976.221,74.39,2.0,0.0,2.0,136.73532,2.04,0.0,213.73402,64.93,74.39,0.0,,,
2026,1,2026-01-01,AKASA AIR,QP,scheduled_domestic,akasa_air_26.xlsx,4144,4769.433,727727,844006.522,905466.169,93.21,4134.43979,227.25462,4361.69441,70536.78367,5243.34537,290.65072,97801.99309,77.78,93.21,0.0,,,
2026,1,2026-01-01,AKASA AIR,QP,scheduled_international,akasa_air_26.xlsx,642,1921.602,100136,303379.658,363678.912,83.42,166.408,0.0,166.408,28393.84471,488.32865,0.0,39404.37057,73.3,83.42,0.0,,,
2026,1,2026-01-01,SPICEJET,SG,nonscheduled_domestic,spicejet26.xlsx,21,14.747,1731,1441.557,2590.173,55.65,0.0,0.0,0.0,108.116775,0.0,0.0,224.065,48.25,55.65,0.0,,,
2026,1,2026-01-01,SPICEJET,SG,scheduled_domestic,spicejet26.xlsx,4028,3971.184,591582,604598.193,703894.815,85.89,3104.82358,0.0,3104.82358,45344.864475,3550.37658957,0.0,62651.746,78.04,85.89,0.0,,,
2026,1,2026-01-01,SPICEJET,SG,scheduled_international,spicejet26.xlsx,784,1851.789,132572,312234.191,349369.179,89.37,563.75092,0.0,563.75092,23417.564325,1333.69220006,0.0,32308.384,76.61,89.37,0.0,,,
2026,2,2026-02-01,INDIGO,6E,nonscheduled_domestic,indigo26.xlsx,171,131.891,13868,9472.0,11062.0,85.63,552.010096,0.31893,552.329026,845.91747,798.955442,0.484121,2521.493621,65.25,85.63,0.0,,-37.88882650196519,
2026,2,2026-02-01,INDIGO,6E,nonscheduled_international,indigo26.xlsx,144,277.015443,0,0.0,0.0,,2119.972511,0.0,2119.972511,0.0,4546.745279,0.0,6467.749167,70.3,,,,,
2026,2,2026-02-01,INDIGO,6E,scheduled_domestic,indigo26.xlsx,53451,47707.354,8870677,8463891.0,9444818.0,89.61,26549.384,2895.919,29445.303,761587.23753,30772.169985,2634.141903,1053109.459835,75.49,89.61,0.0,,-10.0626545426186,
2026,2,2026-02-01,INDIGO,6E,scheduled_international,indigo26.xlsx,8108,22164.311,1360775,3877054.0,4761934.0,81.42,6161.884,4.369,6166.253,348901.35525,24656.45937,9.643465,410857.782985,90.92,81.42,0.0,,-12.847487028059945,
2026,2,2026-02-01,ALLIANCE AIR,9I,nonscheduled_domestic,alliance_air26.xlsx,10,6.57,15,9.855,459.9,2.14,0.0,0.0,0.0,0.8968,0.0,0.0,43.6905,2.05,2.14,0.0,,,
2026,2,2026-02-01,ALLIANCE AIR,9I,scheduled_domestic,alliance_air26.xlsx,1309,523.143,53796,22518.46,34209.064,65.83,0.0,0.0,0.0,2049.1799,0.0,0.0,3270.3367,62.66,65.83,0.0,,-8.634822409251619,
2026,2,2026-02-01,AIR INDIA,AI,nonscheduled_domestic,Air_India26.xlsx,184,95.172,27293,14705.511,16440.88,89.44,0.0,0.0,0.0,1410.64033,0.0,0.0,1545.99906,91.24,89.44,0.0,,36.96286605615378,
2026,2,2026-02-01,AIR INDIA,AI,nonscheduled_international,Air_India26.xlsx,2,7.51,206,819.84,1788.34,45.84,0.0,0.0,0.0,77.31181,0.0,0.0,152.85481,50.58,45.84,0.0,,,
2026,2,2026-02-01,AIR INDIA,AI,scheduled_domestic,Air_India26.xlsx,14477,15581.846,2188779,2321263.226,2626892.405,88.37,33485.1909951,966.3764891,34451.5674842,206942.170279999,43718.6467699999,1000.6319860968,274499.88554,91.68,88.37,0.0,,-6.3307373773074165,
2026,2,2026-02-01,AIR INDIA,AI,scheduled_international,Air_India26.xlsx,4483,20751.951,813328,4265463.66,5287627.865,80.67,48056.2824077,250.0784,48306.3608077,447183.709739999,302619.48251,1721.5880518,829544.654009999,90.59,80.67,0.0,,-10.411379059156012,
2026,2,2026-02-01,BLUEDART,BZ,nonscheduled_domestic,bluedart26.xlsx,22,23.0,0,0.0,0.0,,353.758,0.0,353.758,0.0,381.0,0.0,665.0,57.29,,,,,
2026,2,2026-02-01,BLUEDART,BZ,scheduled_domestic,bluedart26.xlsx,572,564.0,0,0.0,0.0,,10291.478,0.0,10291.478,0.0,10365.0,0.0,16669.0,62.18,,,,,
2026,2,2026-02-01,INDIA ONE AIR,I1,scheduled_domestic,india_one_air26.xlsx,354,106.337,1591,507.656,957.033,53.04,0.0,0.0,0.0,45.68904,0.0,0.0,86.13297,53.04,53.04,0.0,,27.403103097106584,
2026,2,2026-02-01,FLY91,IC,nonscheduled_domestic,fly91_26.xlsx,1,0.52,68,35.09,36.12,97.15,0.0,0.0,0.0,2.96,0.0,0.0,3.07,96.42,97.15,0.0,,-87.03517587939699,
2026,2,2026-02-01,FLY91,IC,scheduled_domestic,fly91_26.xlsx,467,215.42,24785,11479.48,14375.66,79.85,0.0,0.0,0.0,946.53,0.0,0.0,1221.93,77.46,79.85,0.0,,-20.995450096422353,
2026,2,2026-02-01,AIR INDIA EXPRESS,IX,nonscheduled_domestic,air_india_express26.xlsx,28,4.76,3949,1327.398,1793.232,74.02,0.0,0.0,0.0,99.55485,0.0,0.0,189.76,52.46,74.02,0.0,,15.117689881096808,
2026,2,2026-02-01,AIR INDIA EXPRESS,IX,scheduled_domestic,air_india_express26.xlsx,10196,10042.878,1605622,1616320.335,1831390.373,88.26,6903.5201,321.642559,7225.162659,161632.0335,7953.3610936,309.311422351,251071.95,67.67,88.26,0.0,,-8.549558192948215,
2026,2,2026-02-01,AIR INDIA EXPRESS,IX,scheduled_international,air_india_express26.xlsx,3190,8631.60834623546,499213,1345341.12307285,1584026.18951142,84.93,2073.9775,10.388,2084.3655,100900.584230464,5756.1993173825,23.2663429193415,172632.16692471,61.8,84.93,0.0,,-11.597619955044024,
2026,2,2026-02-01,QUIKJET CARGO,QO,nonscheduled_domestic,quikjetcargo26.xlsx,65,80.9148,0,0.0,0.0,,653.476,0.0,653.476,0.0,811.6427438,0.0,1780.1256,45.59,,,,,
2026,2,2026-02-01,QUIKJET CARGO,QO,nonscheduled_international,quikjetcargo26.xlsx,53,131.2428,0,0.0,0.0,,666.533,0.0,666.533,0.0,1794.6893178,0.0,2887.3416,62.16,,,,,
2026,2,2026-02-01,QUIKJET CARGO,QO,scheduled_domestic,quikjetcargo26.xlsx,24,27.24,0,0.0,0.0,,308.279,0.0,308.279,0.0,349.896665,0.0,599.28,58.39,,,,,
2026,2,2026-02-01,AKASA AIR,QP,nonscheduled_domestic,akasa_air_26.xlsx,11,11.789,1636,1711.061,2226.73,76.84,2.906,0.0,2.906,154.90527,2.56826,0.0,241.74523,65.14,76.84,0.0,,12.676163242876171,
2026,2,2026-02-01,AKASA AIR,QP,nonscheduled_international,akasa_air_26.xlsx,1,2.094,182,381.108,389.484,97.85,0.0,0.0,0.0,34.32485,0.0,0.0,42.93956,79.94,97.85,0.0,,,
2026,2,2026-02-01,AKASA AIR,QP,scheduled_domestic,akasa_air_26.xlsx,3903,4538.958,687287,804063.527,861652.531,93.32,4206.80566,223.95293,4430.75859,67241.21948,5341.2643,292.42479,93075.87284,78.3,93.32,0.0,,-4.8387934856128245,
2026,2,2026-02-01,AKASA AIR,QP,scheduled_international,akasa_air_26.xlsx,548,1605.937,78604,231282.976,303966.039,76.09,151.331,0.0,151.331,21761.88495,428.70871,0.0,32931.3441,67.38,76.09,0.0,,-16.419118906734965,
2026,2,2026-02-01,SPICEJET,SG,nonscheduled_domestic,spicejet26.xlsx,51,59.57,3089,3123.325,11281.155,27.69,17.09884,0.0,17.09884,234.249375,25.27728196,0.0,1021.867,25.4,27.69,0.0,,335.53673827964394,
2026,2,2026-02-01,SPICEJET,SG,nonscheduled_international,spicejet26.xlsx,11,22.493,1421,3029.919,4244.886,71.38,0.0,0.0,0.0,227.243925,0.0,0.0,406.344,55.92,71.38,0.0,,,
2026,2,2026-02-01,SPICEJET,SG,scheduled_domestic,spicejet26.xlsx,3691,3725.872,554895,592014.487,665468.603,88.96,3461.14752,0.0,3461.14752,44401.086525,4062.20616874,0.0,59755.104,81.1,88.96,0.0,,-5.459084394590963,
2026,2,2026-02-01,SPICEJET,SG,scheduled_international,spicejet26.xlsx,617,1367.721,100975,222742.643,257674.596,86.44,517.87953,0.0,517.87953,16705.698225,1172.77684558,0.0,24197.648,73.89,86.44,0.0,,-26.245756211941075,
2026,3,2026-03-01,INDIGO,6E,nonscheduled_domestic,indigo26.xlsx,155,122.924151,10042,6999.0,8997.0,77.79,615.9875,0.605,616.5925,623.07747,850.428019,0.26983,2355.2947,62.57,77.79,0.0,,-18.667510395950103,
2026,3,2026-03-01,INDIGO,6E,nonscheduled_international,indigo26.xlsx,104,189.905782,0,0.0,0.0,,1235.56511,0.0,1235.56511,0.0,2349.66066,0.0,4570.787011,51.41,,,,,
2026,3,2026-03-01,INDIGO,6E,scheduled_domestic,indigo26.xlsx,59494,52994.94,9118668,8750157.0,10483236.0,83.47,29546.485,2654.644,32201.129,787352.5782,34122.051748,2346.844,1169440.951505,70.45,83.47,0.0,,10.994579249700731,
2026,3,2026-03-01,INDIGO,6E,scheduled_international,indigo26.xlsx,5238,14039.273,809804,2305455.0,2859455.0,80.63,3488.094,2.912,3491.006,207490.71834,11870.478936,5.06667,271540.500524,80.79,80.63,0.0,,-39.951813695863905,
2026,3,2026-03-01,ALLIANCE AIR,9I,scheduled_domestic,alliance_air26.xlsx,1214,497.74,45672,19769.918,32604.696,60.64,0.0,0.0,0.0,1799.0625,0.0,0.0,3122.1898,57.62,60.64,0.0,,-4.689891544533342,
2026,3,2026-03-01,AIR INDIA,AI,nonscheduled_domestic,Air_India26.xlsx,231,122.632,33926,18529.223,21158.656,87.57,0.3325,0.0,0.3325,1765.90291,0.20854,0.0,1971.20721,89.6,87.57,0.0,,28.695398299847685,
2026,3,2026-03-01,AIR INDIA,AI,nonscheduled_international,Air_India26.xlsx,1,5.86,114,668.04,1517.74,44.02,0.0,0.0,0.0,65.25696,0.0,0.0,131.53356,49.61,44.02,0.0,,-15.13135086169296,
2026,3,2026-03-01,AIR INDIA,AI,scheduled_domestic,Air_India26.xlsx,15759,16826.421,2168434,2302689.77,2822560.032,81.58,36734.9390716,884.57255,37619.5116216,205952.560641,48575.74092,887.484232833999,295078.646885999,86.56,81.58,0.0,,7.448634996529302,
2026,3,2026-03-01,AIR INDIA,AI,scheduled_international,Air_India26.xlsx,4154,21013.506,778767,4634339.586,5421117.714,85.49,60176.4574044,245.6244,60422.0818044,489340.416858,432401.104940001,2113.6386161,983145.614069998,93.97,85.49,0.0,,2.5245696635271653,
2026,3,2026-03-01,BLUEDART,BZ,nonscheduled_domestic,bluedart26.xlsx,58,64.0,0,0.0,0.0,,673.31,0.0,673.31,0.0,770.0,0.0,1612.0,47.77,,,,,
2026,3,2026-03-01,BLUEDART,BZ,scheduled_domestic,bluedart26.xlsx,610,602.0,0,0.0,0.0,,11210.423,0.0,11210.423,0.0,11345.0,0.0,18019.0,62.96,,,,,
2026,3,2026-03-01,INDIA ONE AIR,I1,scheduled_domestic,india_one_air26.xlsx,403,121.314,1750,557.99,1091.826,51.11,0.0,0.0,0.0,50.2191,0.0,0.0,98.26434,51.11,51.11,0.0,,14.084467306769977,
2026,3,2026-03-01,FLY91,IC,scheduled_domestic,fly91_26.xlsx,679,309.52,33059,15013.8,20598.66,72.89,0.0,0.0,0.0,1235.26,0.0,0.0,1750.89,70.55,72.89,0.0,,43.2884472782467,
2026,3,2026-03-01,AIR INDIA EXPRESS,IX,nonscheduled_domestic,air_india_express26.xlsx,35,5.573,4127,1371.651,3617.344,37.92,0.0,0.0,0.0,102.873825,0.0,0.0,311.84,32.99,37.92,0.0,,101.72203038982128,
2026,3,2026-03-01,AIR INDIA EXPRESS,IX,scheduled_domestic,air_india_express26.xlsx,10947,10572.9548750822,1604684,1604017.51987815,1924721.26801907,83.34,7110.139,322.478957,7432.617957,160401.751987815,8332.7911115137,300.038625193,264323.871877055,63.95,83.34,0.0,,5.096177002731794,
2026,3,2026-03-01,AIR INDIA EXPRESS,IX,scheduled_international,air_india_express26.xlsx,1263,3247.67729807693,168446,436154.825094274,590700.709958269,73.84,808.283,0.0,808.283,33235.5792816863,2121.72277895973,0.0,81191.9324519232,43.55,73.84,0.0,,-62.7089050755868,
2026,3,2026-03-01,QUIKJET CARGO,QO,nonscheduled_domestic,quikjetcargo26.xlsx,86,95.488,0,0.0,0.0,,798.695,0.0,798.695,0.0,950.398287,0.0,2100.736,45.24,,,,,
2026,3,2026-03-01,QUIKJET CARGO,QO,nonscheduled_international,quikjetcargo26.xlsx,19,37.952,0,0.0,0.0,,140.556,0.0,140.556,0.0,403.953057,0.0,834.944,48.38,,,,,
2026,3,2026-03-01,QUIKJET CARGO,QO,scheduled_domestic,quikjetcargo26.xlsx,21,23.835,0,0.0,0.0,,243.267,0.0,243.267,0.0,276.108045,0.0,524.37,52.66,,,,,
2026,3,2026-03-01,AKASA AIR,QP,nonscheduled_domestic,akasa_air_26.xlsx,4,4.368,529,547.435,837.799,65.34,0.0,0.0,0.0,44.02164,0.0,0.0,89.5702,49.15,65.34,0.0,,-62.375366568914956,
2026,3,2026-03-01,AKASA AIR,QP,scheduled_domestic,akasa_air_26.xlsx,4560,5340.787,778132,919960.102,1016099.059,90.54,4340.35021,247.16997,4587.52018,76264.43195,5483.16,325.36186,109518.17822,74.94,90.54,0.0,,17.92445590808578,
2026,3,2026-03-01,AKASA AIR,QP,scheduled_international,akasa_air_26.xlsx,329,1081.096,49541,165014.482,202915.458,81.32,67.23,0.0,67.23,15271.20623,254.16381,0.0,22168.95458,70.03,81.32,0.0,,-33.24403651553981,
2026,3,2026-03-01,SPICEJET,SG,nonscheduled_domestic,spicejet26.xlsx,12,14.617,1224,1508.054,2800.513,53.85,1.53384,0.0,1.53384,113.10405,2.01393192,0.0,266.409,43.21,53.85,0.0,,-75.17529898312716,
2026,3,2026-03-01,SPICEJET,SG,nonscheduled_international,spicejet26.xlsx,14,29.744,1537,3315.688,5591.1,59.3,0.0,0.0,0.0,248.6766,0.0,0.0,540.268,46.03,59.3,0.0,,31.71378453979683,
2026,3,2026-03-01,SPICEJET,SG,scheduled_domestic,spicejet26.xlsx,3828,3812.448,540882,568109.606,685778.001,82.84,3359.56551999999,0.0,3359.56551999999,42608.22045,3848.55069361,0.0,62057.3165,74.86,82.84,0.0,,3.051894245414921,
2026,3,2026-03-01,SPICEJET,SG,scheduled_international,spicejet26.xlsx,300,601.497,38418,77046.501,112929.067,68.23,248.70115,0.0,248.70115,5778.487575,501.83809288,0.0,10050.237,62.49,68.23,0.0,,-56.173767708167865,
2026,4,2026-04-01,INDIGO,6E,nonscheduled_domestic,indigo26.xlsx,126,84.478,9169,6530.0,8240.0,79.25,132.9979,0.139,133.1369,582.3945,172.611431,0.083678,1421.643093,53.11,79.25,0.0,,-8.413915749694345,
2026,4,2026-04-01,INDIGO,6E,nonscheduled_international,indigo26.xlsx,92,133.15,0,0.0,0.0,,1197.55698,0.0,1197.55698,0.0,1864.834668,0.0,3245.032057,57.47,,,,,
2026,4,2026-04-01,INDIGO,6E,scheduled_domestic,indigo26.xlsx,59264,52488.547,8978789,8635297.0,10439820.0,82.71,28480.355,2764.371,31244.726,777013.69716,32747.970625,2465.811561,1188216.246747,68.36,82.71,0.0,,-0.41414692944048426,
2026,4,2026-04-01,INDIGO,6E,scheduled_international,indigo26.xlsx,5607,15690.673,870882,2537623.0,3285124.0,77.25,4792.501,5.489,4797.99,228385.5876,20465.110512,11.169465,287255.200238,86.63,77.25,0.0,,14.886368206528866,
2026,4,2026-04-01,ALLIANCE AIR,9I,scheduled_domestic,alliance_air26.xlsx,1156,454.528,42677,18243.581,29836.52,61.15,0.0,0.0,0.0,1660.1659,0.0,0.0,2871.3106,57.82,61.15,0.0,,-8.490114430142203,
2026,4,2026-04-01,AIR INDIA,AI,nonscheduled_domestic,Air_India26.xlsx,237,126.54,34108,19050.709,21774.448,87.49,0.0,0.0,0.0,1812.78873,0.0,0.0,2025.24037,89.51,87.49,0.0,,2.910354986630548,
2026,4,2026-04-01,AIR INDIA,AI,scheduled_domestic,Air_India26.xlsx,15082,16082.114,1949625,2067622.633,2692521.491,76.79,17766.2397315,988.756668,18754.9963995,184229.157770001,22332.7046600001,1056.346287142,255303.971410999,81.32,76.79,0.0,,-4.607113383797823,
2026,4,2026-04-01,AIR INDIA,AI,scheduled_international,Air_India26.xlsx,3934,20040.979,663709,3832220.514,5195097.497,73.77,17773.0092426,317.0496,18090.0588426,400993.35477,127204.18097,2770.685587,634501.939110001,83.68,73.77,0.0,,-4.169254919816689,
2026,4,2026-04-01,BLUEDART,BZ,nonscheduled_domestic,bluedart26.xlsx,91,106.1391,0,0.0,0.0,,1126.458,0.0,1126.458,0.0,1403.211,0.0,2440.642,57.49,,,,,
2026,4,2026-04-01,BLUEDART,BZ,scheduled_domestic,bluedart26.xlsx,556,529.8373,0,0.0,0.0,,10101.138,0.0,10101.138,0.0,9966.44,0.0,16086.136,61.96,,,,,
2026,4,2026-04-01,INDIA ONE AIR,I1,scheduled_domestic,india_one_air26.xlsx,383,115.238,1687,539.168,1037.142,51.99,0.0,0.0,0.0,48.52512,0.0,0.0,93.34278,51.99,51.99,0.0,,-5.008490363849183,
2026,4,2026-04-01,FLY91,IC,scheduled_domestic,fly91_26.xlsx,845,356.05,38616,16566.87,25229.07,65.67,0.0,0.0,0.0,1356.96,0.0,0.0,2144.47,63.28,65.67,0.0,,22.4791806845688,
2026,4,2026-04-01,AIR INDIA EXPRESS,IX,nonscheduled_domestic,air_india_express26.xlsx,41,23.983,4041,2185.094,4518.174,48.36,0.0,0.0,0.0,163.88205,0.0,0.0,479.66,34.17,48.36,0.0,,24.903078059482308,
2026,4,2026-04-01,AIR INDIA EXPRESS,IX,nonscheduled_international,air_india_express26.xlsx,22,76.406,3639,12638.247,14440.734,87.52,0.0,0.0,0.0,947.868525,0.0,0.0,1528.12,62.03,87.52,0.0,,277.28223247764635,
2026,4,2026-04-01,AIR INDIA EXPRESS,IX,scheduled_domestic,air_india_express26.xlsx,10265,9800.26827429011,1460627,1451110.76844964,1792098.58752048,80.97,6905.595022,0.0,6905.595022,145111.076844963,7475.194811269,0.0,245006.706857252,62.28,80.97,0.0,,-6.890487609932516,
2026,4,2026-04-01,AIR INDIA EXPRESS,IX,scheduled_international,air_india_express26.xlsx,1288,3429.98376032299,187157,489030.08340411,619107.016348954,78.99,890.0324,0.0,890.0324,36837.8362528664,2190.86228896246,0.0,85749.5940080746,45.51,78.99,0.0,,4.808916920498008,
2026,4,2026-04-01,QUIKJET CARGO,QO,nonscheduled_domestic,quikjetcargo26.xlsx,21,19.669,0,0.0,0.0,,153.654,0.0,153.654,0.0,157.672951,0.0,432.718,36.44,,,,,
2026,4,2026-04-01,QUIKJET CARGO,QO,nonscheduled_international,quikjetcargo26.xlsx,4,9.102,0,0.0,0.0,,36.302,0.0,36.302,0.0,109.051208,0.0,200.244,54.46,,,,,
2026,4,2026-04-01,QUIKJET CARGO,QO,scheduled_domestic,quikjetcargo26.xlsx,73,88.187,0,0.0,0.0,,857.738,0.0,857.738,0.0,1033.964305,0.0,1940.114,53.29,,,,,
2026,4,2026-04-01,AKASA AIR,QP,nonscheduled_domestic,akasa_air_26.xlsx,23,14.766,3304,2121.168,2141.07,99.07,0.0,0.0,0.0,195.51725,0.0,0.0,302.7916,64.57,99.07,0.0,,155.55891090822502,
2026,4,2026-04-01,AKASA AIR,QP,nonscheduled_international,akasa_air_26.xlsx,33,126.183,4745,18144.541,18296.535,99.17,0.0,0.0,0.0,1751.33905,0.0,0.0,2587.5086,67.68,99.17,0.0,,4597.634562652124,
2026,4,2026-04-01,AKASA AIR,QP,scheduled_domestic,akasa_air_26.xlsx,4593,5510.473,791273,953359.505,1039190.441,91.74,4262.18764,274.10272,4536.29036,78822.10548,5411.13076,364.12216,112997.75935,74.87,91.74,0.0,,2.2725522472902826,
2026,4,2026-04-01,AKASA AIR,QP,scheduled_international,akasa_air_26.xlsx,382,1246.118,54186,174308.837,236664.056,73.65,111.5712,0.0,111.5712,16295.93027,371.46082,0.0,25552.89571,65.23,73.65,0.0,,16.631851674898023,
2026,4,2026-04-01,SPICEJET,SG,nonscheduled_domestic,spicejet26.xlsx,11,10.048,1258,1092.837,1891.056,57.79,0.5254,0.0,0.5254,81.962775,0.7208488,0.0,165.592,49.93,57.79,0.0,,-32.47465732171213,
2026,4,2026-04-01,SPICEJET,SG,scheduled_domestic,spicejet26.xlsx,3422,3469.662,473750,505680.233,626333.379,80.74,2293.50981,0.0,2293.50981,37926.017475,2645.14654854,0.0,56835.17,71.38,80.74,0.0,,-8.668201941928444,
2026,4,2026-04-01,SPICEJET,SG,scheduled_international,spicejet26.xlsx,297,593.689,49002,97781.119,111377.898,87.79,336.46596,0.0,336.46596,7333.583925,675.24627084,0.0,10048.024,79.71,87.79,0.0,,-1.3735781594653496,
2026,5,2026-05-01,INDIGO,6E,nonscheduled_domestic,indigo26.xlsx,142,100.935,10423,7328.0,8928.0,82.08,271.52592,0.041,271.56692,655.15428,343.883715,1.196349,1765.573106,56.65,82.08,0.0,,8.349514563106798,
2026,5,2026-05-01,INDIGO,6E,nonscheduled_international,indigo26.xlsx,87,134.021,0,0.0,0.0,,1124.76698,0.0,1124.76698,0.0,1783.574034,0.0,3287.0,54.26,,,,,
2026,5,2026-05-01,INDIGO,6E,scheduled_domestic,indigo26.xlsx,62993,56001.829,9991048,9603478.0,11112753.0,86.42,31854.671,2581.588,34436.259,863960.65533,37439.208161,2314.021415,1264853.573878,71.45,86.42,0.0,,6.44582952579642,
2026,5,2026-05-01,INDIGO,6E,scheduled_international,indigo26.xlsx,7254,19806.709,1195547,3349700.0,4178539.0,80.16,5629.28,10.122,5639.402,301473.08199,24029.824285,20.254244,356809.143511,91.23,80.16,0.0,,27.19577708482237,
2026,5,2026-05-01,ALLIANCE AIR,9I,nonscheduled_domestic,alliance_air26.xlsx,8,2.086,4,0.692,146.02,0.47,0.0,0.0,0.0,0.063,0.0,0.0,13.8719,0.45,0.47,0.0,,-68.2496194824962,
2026,5,2026-05-01,ALLIANCE AIR,9I,scheduled_domestic,alliance_air26.xlsx,1400,541.463,50348,20946.758,34227.084,61.2,6.641,0.0,6.641,1906.155,0.0066,0.0,3276.0364,58.18,61.2,0.0,,14.715402466507488,
2026,5,2026-05-01,AIR INDIA,AI,nonscheduled_domestic,Air_India26.xlsx,244,130.028,37447,20741.036,22433.136,92.46,0.1,0.0,0.1,1963.33133,0.0619,0.0,2095.377,93.7,92.46,0.0,,3.025050279116148,
2026,5,2026-05-01,AIR INDIA,AI,scheduled_domestic,Air_India26.xlsx,15510,16385.437,2144363,2254574.498,2777049.926,81.19,18967.5294578,1205.02795,20172.5574078,201411.15546,23939.60308,1296.3132938834,266103.83263,85.17,81.19,0.0,,3.139378284724703,
2026,5,2026-05-01,AIR INDIA,AI,scheduled_international,Air_India26.xlsx,3957,19053.648,668908,3577107.238,4875203.734,73.37,18929.4430093,330.0493,19259.4923093,371162.50348,128832.71202,2692.6930838,601012.943379999,83.64,73.37,0.0,,-6.157608460374964,
2026,5,2026-05-01,BLUEDART,BZ,nonscheduled_domestic,bluedart26.xlsx,109,130.4754,0,0.0,0.0,,1500.099,0.0,1500.099,0.0,1891.481,0.0,3259.081,58.04,,,,,
2026,5,2026-05-01,BLUEDART,BZ,scheduled_domestic,bluedart26.xlsx,551,520.697,0,0.0,0.0,,9952.35300000001,0.0,9952.35300000001,0.0,9765.464,0.0,15777.979,61.89,,,,,
2026,5,2026-05-01,INDIA ONE AIR,I1,scheduled_domestic,india_one_air26.xlsx,406,121.528,1835,585.408,1093.752,53.52,0.0,0.0,0.0,52.68672,0.0,0.0,98.43768,53.52,53.52,0.0,,5.458268973775993,
2026,5,2026-05-01,FLY91,IC,nonscheduled_domestic,fly91_26.xlsx,1,1.67,58,96.8,120.17,80.55,0.0,0.0,0.0,7.33,0.0,0.0,10.21,71.79,80.55,0.0,,232.6965669988926,
2026,5,2026-05-01,FLY91,IC,scheduled_domestic,fly91_26.xlsx,1128,445.44,54496,21912.12,31626.45,69.28,0.0,0.0,0.0,1790.83,0.0,0.0,2688.25,66.62,69.28,0.0,,25.35717725623656,
2026,5,2026-05-01,AIR INDIA EXPRESS,IX,nonscheduled_domestic,air_india_express26.xlsx,34,14.353,3972,1540.844,2712.717,56.8,0.0,0.0,0.0,115.5633,0.0,0.0,287.06,40.26,56.8,0.0,,-39.9598820231359,
2026,5,2026-05-01,AIR INDIA EXPRESS,IX,nonscheduled_international,air_india_express26.xlsx,34,119.51,5688,19994.226,22587.39,88.52,0.0,0.0,0.0,1499.56695,0.0,0.0,2390.2,62.74,88.52,0.0,,56.41441771588618,
2026,5,2026-05-01,AIR INDIA EXPRESS,IX,scheduled_domestic,air_india_express26.xlsx,11616,11556.960643,1788544,1829036.811132,2114765.700424,86.49,7837.47923567764,0.0,7837.47923567764,182903.6811132,8926.96843882326,0.0,288924.016074999,66.39,86.49,0.0,,18.00498673178228,
2026,5,2026-05-01,AIR INDIA EXPRESS,IX,scheduled_international,air_india_express26.xlsx,2111,5658.68798,292149,770842.43408,1029354.80675,74.89,1581.847262,0.0,1581.847262,55657.755939,4327.78190441878,0.0,141467.1995,42.4,74.89,0.0,,66.26443887203719,
2026,5,2026-05-01,QUIKJET CARGO,QO,nonscheduled_domestic,quikjetcargo26.xlsx,8,8.378,0,0.0,0.0,,61.607,0.0,61.607,0.0,88.230844,0.0,184.316,47.87,,,,,
2026,5,2026-05-01,QUIKJET CARGO,QO,scheduled_domestic,quikjetcargo26.xlsx,85,104.463,0,0.0,0.0,,963.692,0.0,963.692,0.0,1130.609489,0.0,2298.186,49.2,,,,,
2026,5,2026-05-01,AKASA AIR,QP,nonscheduled_domestic,akasa_air_26.xlsx,6,4.829,730,548.774,771.441,71.14,0.0,0.0,0.0,52.2609,0.0,0.0,99.02347,52.78,71.14,0.0,,-63.96937045495944,
2026,5,2026-05-01,AKASA AIR,QP,nonscheduled_international,akasa_air_26.xlsx,82,298.913,11622,42348.933,43342.385,97.71,0.0,0.0,0.0,4366.38394,0.0,0.0,6129.50999,71.24,97.71,0.0,,136.888487355666,
2026,5,2026-05-01,AKASA AIR,QP,scheduled_domestic,akasa_air_26.xlsx,5172,6212.849,889666,1084782.622,1172646.503,92.51,5474.61805,309.8393,5784.45735,89607.7203,7071.5731,398.19791,127400.68161,76.2,92.51,0.0,,12.84231039226813,
2026,5,2026-05-01,AKASA AIR,QP,scheduled_international,akasa_air_26.xlsx,377,1026.717,58095,158180.574,195662.417,80.84,199.86645,0.0,199.86645,14470.25091,549.02377,0.0,21053.85878,71.34,80.84,0.0,,-17.324827307109125,
2026,5,2026-05-01,SPICEJET,SG,nonscheduled_domestic,spicejet26.xlsx,10,5.737,812,518.845,1057.192,49.08,0.0,0.0,0.0,38.913375,0.0,0.0,93.532,41.6,49.08,0.0,,-44.09515106903233,
2026,5,2026-05-01,SPICEJET,SG,scheduled_domestic,spicejet26.xlsx,2660,2604.064,386405,402727.361,460657.629,87.42,2021.12723,0.0,2021.12723,30204.552075,2289.69573591,0.0,41728.151,77.87,87.42,0.0,,-26.45168779995676,
2026,5,2026-05-01,SPICEJET,SG,scheduled_international,spicejet26.xlsx,296,605.506,43603,89314.158,113783.3,78.49,334.57502,0.0,334.57502,6698.56185,687.21044489,0.0,10261.416,71.98,78.49,0.0,,2.159676240253705,
2026,6,2026-06-01,INDIGO,6E,nonscheduled_domestic,indigo26.xlsx,134,91.927,10028,6956.0,8269.0,84.12,166.66628,15.169,181.83528,619.14006,210.227203,14.660893,1603.087745,52.65,84.12,0.0,,-7.381272401433692,
2026,6,2026-06-01,INDIGO,6E,nonscheduled_international,indigo26.xlsx,122,198.352,0,0.0,0.0,,1698.75938,0.0,1698.75938,0.0,3004.464,0.0,4253.842,70.63,,,,,
2026,6,2026-06-01,INDIGO,6E,scheduled_domestic,indigo26.xlsx,56588,50045.911,8920012,8501118.0,9984689.0,85.14,31532.228,2945.328,34477.556,764790.91983,37149.9657,2662.354527,1137029.631822,70.76,85.14,0.0,,-10.1510759755031,
2026,6,2026-06-01,INDIGO,6E,scheduled_international,indigo26.xlsx,7778,21380.418,1276430,3594349.0,4477129.0,80.28,6022.387,16.444,6038.831,323469.81486,25025.242757,35.617177,404872.621604,86.08,80.28,0.0,,7.14579904603021,
2026,6,2026-06-01,ALLIANCE AIR,9I,nonscheduled_domestic,alliance_air26.xlsx,6,1.594,58,16.46,73.324,22.45,0.0,0.0,0.0,1.4979,0.0,0.0,7.173,20.88,22.45,0.0,,-49.78496096425148,
2026,6,2026-06-01,ALLIANCE AIR,9I,scheduled_domestic,alliance_air26.xlsx,1417,538.67,50896,20816.385,33714.335,61.74,14.983,0.0,14.983,1894.291,0.015,0.0,3233.8723,58.58,61.74,0.0,,-1.498079707871125,
2026,6,2026-06-01,AIR INDIA,AI,nonscheduled_domestic,Air_India26.xlsx,213,111.679,33187,17719.138,19193.66,92.32,0.0,0.0,0.0,1679.73028,0.0,0.0,1794.74292,93.59,92.32,0.0,,-14.440584677951396,
2026,6,2026-06-01,AIR INDIA,AI,scheduled_domestic,Air_India26.xlsx,11427,12176.801,1644981,1751751.155,2089845.751,83.82,16787.700723,931.86645,17719.567173,157246.11127,20996.22545,1036.754941,204613.70757,87.62,83.82,0.0,,-24.745834367833396,
2026,6,2026-06-01,AIR INDIA,AI,scheduled_international,Air_India26.xlsx,3519,16712.288,595245,3055234.223,4240633.801,72.05,17854.745714,353.8215,18208.567214,315495.06503,117794.6195,2956.773369,525750.85067,82.98,72.05,0.0,,-13.016275167629743,
2026,6,2026-06-01,BLUEDART,BZ,nonscheduled_domestic,bluedart26.xlsx,145,181.606,0,0.0,0.0,,2236.25,0.0,2236.25,0.0,2932.4,0.0,4896.937,59.88,,,,,
2026,6,2026-06-01,BLUEDART,BZ,scheduled_domestic,bluedart26.xlsx,475,440.702,0,0.0,0.0,,8843.838,0.0,8843.838,0.0,8381.246,0.0,13260.842,63.2,,,,,
2026,6,2026-06-01,INDIA ONE AIR,I1,scheduled_domestic,india_one_air26.xlsx,351,105.312,1802,563.184,947.808,59.42,0.0,0.0,0.0,50.6865,0.0,0.0,85.30272,59.42,59.42,0.0,,-13.343427029162003,
2026,6,2026-06-01,FLY91,IC,nonscheduled_domestic,fly91_26.xlsx,8,5.98,206,163.81,428.5,38.23,0.0,0.0,0.0,12.49,0.0,0.0,36.42,34.29,38.23,0.0,,256.57818091037694,
2026,6,2026-06-01,FLY91,IC,scheduled_domestic,fly91_26.xlsx,1110,436.46,56816,22632.66,30911.0,73.22,0.0,0.0,0.0,1848.14,0.0,0.0,2627.44,70.34,73.22,0.0,,-2.2621887692105824,
2026,6,2026-06-01,AIR INDIA EXPRESS,IX,nonscheduled_domestic,air_india_express26.xlsx,42,18.498,6563,2976.331,3496.122,85.13,0.0,0.0,0.0,223.22482,0.0,0.0,369.96,60.34,85.13,0.0,,28.8789800041803,
2026,6,2026-06-01,AIR INDIA EXPRESS,IX,nonscheduled_international,air_india_express26.xlsx,84,42.6951,13888,32430.7032,37136.6289,87.33,0.0,0.0,0.0,2432.30274,0.0,0.0,3929.802,61.89,87.33,0.0,,64.41310350598278,
2026,6,2026-06-01,AIR INDIA EXPRESS,IX,scheduled_domestic,air_india_express26.xlsx,10003,10048.8717,1577340,1615916.88,1848920.25,87.4,7816.29186,484.6939,8300.98576,161591.688,9183.73213,96.53084,251221.792,68.02,87.4,0.0,,-12.570917448240227,
2026,6,2026-06-01,AIR INDIA EXPRESS,IX,scheduled_international,air_india_express26.xlsx,2658,7211.28087,354883,961984.944,1320793.06,72.83,2128.38756,11.1042,2139.49176,67822.8099,5866.9909,21.41589,180282.021,40.89,72.83,0.0,,28.312711160320237,
2026,6,2026-06-01,QUIKJET CARGO,QO,nonscheduled_domestic,quikjetcargo26.xlsx,1,1.703,0,0.0,0.0,,13.752,0.0,13.752,0.0,23.41966,0.0,37.466,62.51,,,,,
2026,6,2026-06-01,QUIKJET CARGO,QO,scheduled_domestic,quikjetcargo26.xlsx,83,101.36,0,0.0,0.0,,804.599,0.0,804.599,0.0,988.27265,0.0,2229.92,44.32,,,,,
2026,6,2026-06-01,AKASA AIR,QP,nonscheduled_domestic,akasa_air_26.xlsx,37,46.051,5067,6268.029,6819.871,91.91,0.0,0.0,0.0,681.0576,0.0,0.0,944.3218,72.12,91.91,0.0,,784.0431089350968,
2026,6,2026-06-01,AKASA AIR,QP,nonscheduled_international,akasa_air_26.xlsx,122,410.023,17167,57759.877,59453.335,97.15,0.0,0.0,0.0,6336.19835,0.0,0.0,8407.93163,75.36,97.15,0.0,,37.1713508612874,
2026,6,2026-06-01,AKASA AIR,QP,scheduled_domestic,akasa_air_26.xlsx,5001,5963.064,855604,1033576.139,1121521.894,92.16,6056.41042,324.4692,6380.87962,85376.14985,7765.71408,388.41748,122278.59039,76.49,92.16,0.0,,-4.359763054697819,
2026,6,2026-06-01,AKASA AIR,QP,scheduled_international,akasa_air_26.xlsx,397,1110.116,59963,168433.246,211255.969,79.73,215.0685,0.0,215.0685,15678.7028,587.38413,0.0,22764.03869,71.46,79.73,0.0,,7.969620450921866,
2026,6,2026-06-01,SPICEJET,SG,nonscheduled_domestic,spicejet26.xlsx,3,3.628,424,569.732,611.64,93.15,0.0,0.0,0.0,42.7299,0.0,0.0,63.21,67.6,93.15,0.0,,-42.14485164473435,
2026,6,2026-06-01,SPICEJET,SG,scheduled_domestic,spicejet26.xlsx,1837,1705.749,262525,257136.765,292892.613,87.79,1209.14829,0.0,1209.14829,19285.257375,1357.800633,0.0,27411.381,75.31,87.79,0.0,,-36.418590605822786,
2026,6,2026-06-01,SPICEJET,SG,scheduled_international,spicejet26.xlsx,310,649.892,45698,96036.91,122113.544,78.65,218.65869,0.0,218.65869,7202.76825,455.946772,0.0,11508.416,66.55,78.65,0.0,,7.321148182554027,
2026,7,2026-07-01,INDIGO,6E,nonscheduled_domestic,indigo26.xlsx,133,91.736,10441,7177.0,8448.0,84.96,199.10843,8.324,207.43243,640.26657,243.644012,5.676553,1567.111612,56.77,84.96,0.0,,2.164711573346234,
2026,7,2026-07-01,INDIGO,6E,nonscheduled_international,indigo26.xlsx,97,153.29,0,0.0,0.0,,1461.67385,0.0,1461.67385,0.0,2500.624429,0.0,3594.850915,69.56,,,,,
2026,7,2026-07-01,INDIGO,6E,scheduled_domestic,indigo26.xlsx,52259,45829.302,8081825,7600417.0,9218918.0,82.44,31946.361,3059.384,35005.745,683807.085,37167.211161,2698.984998,1051942.925599,68.79,82.44,0.0,,-7.669452699027479,
2026,7,2026-07-01,INDIGO,6E,scheduled_international,indigo26.xlsx,7768,21246.307,1283428,3620922.0,4474096.0,80.93,5913.737,20.546,5934.283,325882.1097,23503.076754,45.878716,443985.698061,78.7,80.93,0.0,,-0.06774430667509934,
2026,7,2026-07-01,ALLIANCE AIR,9I,nonscheduled_domestic,alliance_air26.xlsx,17,11.623,40,49.56,782.458,6.33,0.0,0.0,0.0,4.51,0.0,0.0,74.5023,6.05,6.33,0.0,,967.1239975996946,
2026,7,2026-07-01,ALLIANCE AIR,9I,scheduled_domestic,alliance_air26.xlsx,1409,551.335,50078,20792.337,34940.056,59.51,14.596,0.0,14.596,1892.1027,0.0146,0.0,3342.5985,56.61,59.51,0.0,,3.6356078208275466,
2026,7,2026-07-01,AIR INDIA,AI,nonscheduled_domestic,Air_India26.xlsx,186,96.916,27144,14218.629,16425.904,86.56,0.053,0.0,0.053,1351.70326,0.02198,0.0,1523.89262,88.7,86.56,0.0,,-14.420157489504348,
2026,7,2026-07-01,AIR INDIA,AI,scheduled_domestic,Air_India26.xlsx,11476,12158.647,1572677,1692152.216,2083251.377,81.23,17879.9755915,897.398841,18777.3744325,151775.448164,22637.1159099999,935.062230256,204918.292596,85.57,81.23,0.0,,-0.3155435752540292,
2026,7,2026-07-01,AIR INDIA,AI,scheduled_international,Air_India26.xlsx,3520,17097.017,610895,3203012.021,4373707.692,73.23,17359.1217451,372.9714,17732.0931451,330436.839574,114047.72037,3193.07979579999,535798.821560001,83.55,73.23,0.0,,3.138066082683655,
2026,7,2026-07-01,BLUEDART,BZ,nonscheduled_domestic,bluedart26.xlsx,87,112.3965,0,0.0,0.0,,1244.859,0.0,1244.859,0.0,1635.79,0.0,2296.482,71.23,,,,,
2026,7,2026-07-01,BLUEDART,BZ,scheduled_domestic,bluedart26.xlsx,553,537.8247,0,0.0,0.0,,10484.551,0.0,10484.551,0.0,10366.441,0.0,16120.389,64.31,,,,,
2026,7,2026-07-01,INDIA ONE AIR,I1,scheduled_domestic,india_one_air26.xlsx,367,111.436,1386,444.864,1010.628,44.02,0.0,0.0,0.0,40.03776,0.0,0.0,90.95652,44.02,44.02,0.0,,6.627924642965666,
2026,7,2026-07-01,FLY91,IC,scheduled_domestic,fly91_26.xlsx,1060,430.89,56152,22841.66,30571.44,74.72,0.0,0.0,0.0,1870.82,0.0,0.0,2598.57,71.99,74.72,0.0,,-1.0985086215263173,
2026,7,2026-07-01,AIR INDIA EXPRESS,IX,nonscheduled_domestic,air_india_express26.xlsx,60,30.036,9647,4936.975,5676.804,86.97,0.0,0.0,0.0,370.273125,0.0,0.0,600.72,61.64,86.97,0.0,,62.374310736295826,
2026,7,2026-07-01,AIR INDIA EXPRESS,IX,scheduled_domestic,air_india_express26.xlsx,8366,8230.311075,1302423,1307901.24293,1523459.57922,85.85,7257.831725,270.464379,7528.296104,130790.124293,8489.992623,67.177853,205757.776875,67.72,85.85,0.0,,-17.602742507687942,
2026,7,2026-07-01,AIR INDIA EXPRESS,IX,scheduled_international,air_india_express26.xlsx,3518,9546.03648,495175,1347168.05993,1758711.74048,76.6,2965.966437,16.4073,2982.373737,100641.925373,8122.699422,19.015998,238650.912,45.58,76.6,0.0,,33.15573754453251,
2026,7,2026-07-01,QUIKJET CARGO,QO,nonscheduled_domestic,quikjetcargo26.xlsx,9,15.327,0,0.0,0.0,,105.689,0.0,105.689,0.0,179.98837,0.0,337.194,53.38,,,,,
2026,7,2026-07-01,QUIKJET CARGO,QO,scheduled_domestic,quikjetcargo26.xlsx,63,81.387,0,0.0,0.0,,763.846,0.0,763.846,0.0,991.252,0.0,1790.514,55.36,,,,,
2026,7,2026-07-01,AKASA AIR,QP,nonscheduled_domestic,akasa_air_26.xlsx,2,4.096,240,491.52,761.856,64.52,0.0,0.0,0.0,36.864,0.0,0.0,83.99258,43.89,64.52,0.0,,-88.8288796078401,
2026,7,2026-07-01,AKASA AIR,QP,scheduled_domestic,akasa_air_26.xlsx,3829,4467.839,664572,784078.282,852930.276,91.93,5278.08692,302.25776,5580.34468,65169.43264,6666.84553,383.0908,91617.50652,78.83,91.93,0.0,,-23.94885195170342,
2026,7,2026-07-01,AKASA AIR,QP,scheduled_international,akasa_air_26.xlsx,713,2283.883,107355,345837.839,435659.516,79.38,383.2281,0.0,383.2281,32462.55411,1175.82051,0.0,46833.30478,71.83,79.38,0.0,,106.22352971243147,
2026,7,2026-07-01,SPICEJET,SG,nonscheduled_domestic,spicejet26.xlsx,5,3.518,777,552.998,602.334,91.81,0.0,0.0,0.0,41.47485,0.0,0.0,62.46,66.4,91.81,0.0,,-1.521483225426723,
2026,7,2026-07-01,SPICEJET,SG,nonscheduled_international,spicejet26.xlsx,4,12.474,732,2282.742,2320.164,98.39,0.0,0.0,0.0,171.20565,0.0,0.0,199.584,85.78,98.39,0.0,,-58.50254869345925,
2026,7,2026-07-01,SPICEJET,SG,scheduled_domestic,spicejet26.xlsx,1417,1197.527,187280,164897.791,196189.816,84.05,994.26744,0.0,994.26744,12367.334325,1041.742314,0.0,18176.112,73.77,84.05,0.0,,-33.01646839416876,
2026,7,2026-07-01,SPICEJET,SG,scheduled_international,spicejet26.xlsx,430,954.373,62844,139583.053,178543.898,78.18,345.46735,0.0,345.46735,10468.728975,781.056682,0.0,16966.624,66.31,78.18,0.0,,46.21138012340384,
