departure_date,is_weekend,is_peak_dow,month,day_of_year,is_holiday,holiday_name,event_window,days_to_event,season_summer_school_holidays,season_winter_peak,season_monsoon_lean,season_wedding_season_1,season_wedding_season_2,is_surge,long_weekend
2026-09-01,False,False,9,244,False,,,,False,False,False,False,False,False,False
2026-09-02,False,False,9,245,False,,Janmashtami (Vaishnava),-2,False,False,False,False,False,True,False
2026-09-03,False,False,9,246,False,,Janmashtami (Vaishnava),-1,False,False,False,False,False,True,False
2026-09-04,False,True,9,247,True,Janmashtami (Vaishnava),Janmashtami (Vaishnava),0,False,False,False,False,False,True,True
2026-09-05,True,False,9,248,False,,Janmashtami (Vaishnava),1,False,False,False,False,False,True,True
2026-09-06,True,True,9,249,False,,Janmashtami (Vaishnava),2,False,False,False,False,False,True,True
2026-09-07,False,False,9,250,False,,,,False,False,False,False,False,False,False
2026-09-08,False,False,9,251,False,,,,False,False,False,False,False,False,False
2026-09-09,False,False,9,252,False,,,,False,False,False,False,False,False,False
2026-09-10,False,False,9,253,False,,,,False,False,False,False,False,False,False
2026-09-11,False,True,9,254,False,,,,False,False,False,False,False,False,False
2026-09-12,True,False,9,255,False,,,,False,False,False,False,False,False,False
2026-09-13,True,True,9,256,False,,,,False,False,False,False,False,False,False
2026-09-14,False,False,9,257,False,,,,False,False,False,False,False,False,False
2026-09-15,False,False,9,258,False,,,,False,False,False,False,False,False,False
2026-09-16,False,False,9,259,False,,,,False,False,False,False,False,False,False
2026-09-17,False,False,9,260,False,,,,False,False,False,False,False,False,False
2026-09-18,False,True,9,261,False,,,,False,False,False,False,False,False,False
2026-09-19,True,False,9,262,False,,,,False,False,False,False,False,False,False
2026-09-20,True,True,9,263,False,,,,False,False,False,False,False,False,False
2026-09-21,False,False,9,264,False,,,,False,False,False,False,False,False,False
2026-09-22,False,False,9,265,False,,,,False,False,False,False,False,False,False
2026-09-23,False,False,9,266,False,,,,False,False,False,False,False,False,False
2026-09-24,False,False,9,267,False,,,,False,False,False,False,False,False,False
2026-09-25,False,True,9,268,False,,,,False,False,False,False,False,False,False
2026-09-26,True,False,9,269,False,,,,False,False,False,False,False,False,False
2026-09-27,True,True,9,270,False,,,,False,False,False,False,False,False,False
2026-09-28,False,False,9,271,False,,,,False,False,False,False,False,False,False
2026-09-29,False,False,9,272,False,,Mahatma Gandhi's Birthday,-3,False,False,False,False,False,True,False
2026-09-30,False,False,9,273,False,,Mahatma Gandhi's Birthday,-2,False,False,False,False,False,True,False
2026-10-01,False,False,10,274,False,,Mahatma Gandhi's Birthday,-1,False,False,False,False,False,True,False
2026-10-02,False,True,10,275,True,Mahatma Gandhi's Birthday,Mahatma Gandhi's Birthday,0,False,False,False,False,False,True,True
2026-10-03,True,False,10,276,False,,Mahatma Gandhi's Birthday,1,False,False,False,False,False,True,True
2026-10-04,True,True,10,277,False,,Mahatma Gandhi's Birthday,2,False,False,False,False,False,True,True
2026-10-05,False,False,10,278,False,,,,False,False,False,False,False,False,False
2026-10-06,False,False,10,279,False,,,,False,False,False,False,False,False,False
2026-10-07,False,False,10,280,False,,,,False,False,False,False,False,False,False
2026-10-08,False,False,10,281,False,,,,False,False,False,False,False,False,False
2026-10-09,False,True,10,282,False,,,,False,False,False,False,False,False,False
2026-10-10,True,False,10,283,False,,,,False,False,False,False,False,False,False
2026-10-11,True,True,10,284,False,,,,False,False,False,False,False,False,False
2026-10-12,False,False,10,285,False,,,,False,False,False,False,False,False,False
2026-10-13,False,False,10,286,False,,,,False,False,False,False,False,False,False
2026-10-14,False,False,10,287,False,,,,False,False,False,False,False,False,False
2026-10-15,False,False,10,288,False,,Dussehra,-5,False,False,False,False,False,True,False
2026-10-16,False,True,10,289,False,,Dussehra,-4,False,False,False,False,False,True,False
2026-10-17,True,False,10,290,False,,Dussehra,-3,False,False,False,False,False,True,False
2026-10-18,True,True,10,291,False,,Dussehra,-2,False,False,False,False,False,True,False
2026-10-19,False,False,10,292,False,,Dussehra,-1,False,False,False,False,False,True,False
2026-10-20,False,False,10,293,True,Dussehra,Dussehra,0,False,False,False,False,False,True,False
2026-10-21,False,False,10,294,False,,Dussehra,1,False,False,False,False,False,True,False
2026-10-22,False,False,10,295,False,,Dussehra,2,False,False,False,False,False,True,False
2026-10-23,False,True,10,296,False,,Dussehra,3,False,False,False,False,False,True,False
2026-10-24,True,False,10,297,False,,Dussehra,4,False,False,False,False,False,True,False
2026-10-25,True,True,10,298,False,,,,False,False,False,False,False,False,False
2026-10-26,False,False,10,299,False,,,,False,False,False,False,False,False,False
2026-10-27,False,False,10,300,False,,,,False,False,False,False,False,False,False
2026-10-28,False,False,10,301,False,,,,False,False,False,False,False,False,False
2026-10-29,False,False,10,302,False,,,,False,False,False,False,False,False,False
2026-10-30,False,True,10,303,False,,,,False,False,False,False,False,False,False
2026-10-31,True,False,10,304,False,,,,False,False,False,False,False,False,False
2026-11-01,True,True,11,305,False,,Diwali (Deepavali),-7,False,False,False,False,False,True,False
2026-11-02,False,False,11,306,False,,Diwali (Deepavali),-6,False,False,False,False,False,True,False
2026-11-03,False,False,11,307,False,,Diwali (Deepavali),-5,False,False,False,False,False,True,False
2026-11-04,False,False,11,308,False,,Diwali (Deepavali),-4,False,False,False,False,False,True,False
2026-11-05,False,False,11,309,False,,Diwali (Deepavali),-3,False,False,False,False,False,True,False
2026-11-06,False,True,11,310,False,,Diwali (Deepavali),-2,False,False,False,False,False,True,False
2026-11-07,True,False,11,311,False,,Diwali (Deepavali),-1,False,False,False,False,False,True,False
2026-11-08,True,True,11,312,True,Diwali (Deepavali),Diwali (Deepavali),0,False,False,False,False,False,True,False
2026-11-09,False,False,11,313,False,,Diwali (Deepavali),1,False,False,False,False,False,True,False
2026-11-10,False,False,11,314,False,,Diwali (Deepavali),2,False,False,False,False,False,True,False
2026-11-11,False,False,11,315,False,,Diwali (Deepavali),3,False,False,False,False,False,True,False
2026-11-12,False,False,11,316,False,,Diwali (Deepavali),4,False,False,False,False,False,True,False
2026-11-13,False,True,11,317,False,,Diwali (Deepavali),5,False,False,False,False,False,True,False
2026-11-14,True,False,11,318,False,,Diwali (Deepavali),6,False,False,False,False,False,True,False
2026-11-15,True,True,11,319,False,,,,False,False,False,True,False,True,False
2026-11-16,False,False,11,320,False,,,,False,False,False,True,False,True,False
2026-11-17,False,False,11,321,False,,,,False,False,False,True,False,True,False
2026-11-18,False,False,11,322,False,,,,False,False,False,True,False,True,False
2026-11-19,False,False,11,323,False,,,,False,False,False,True,False,True,False
2026-11-20,False,True,11,324,False,,,,False,False,False,True,False,True,False
2026-11-21,True,False,11,325,False,,,,False,False,False,True,False,True,False
2026-11-22,True,True,11,326,False,,Guru Nanak's Birthday,-2,False,False,False,True,False,True,False
2026-11-23,False,False,11,327,False,,Guru Nanak's Birthday,-1,False,False,False,True,False,True,False
2026-11-24,False,False,11,328,True,Guru Nanak's Birthday,Guru Nanak's Birthday,0,False,False,False,True,False,True,False
2026-11-25,False,False,11,329,False,,Guru Nanak's Birthday,1,False,False,False,True,False,True,False
2026-11-26,False,False,11,330,False,,Guru Nanak's Birthday,2,False,False,False,True,False,True,False
2026-11-27,False,True,11,331,False,,,,False,False,False,True,False,True,False
2026-11-28,True,False,11,332,False,,,,False,False,False,True,False,True,False
2026-11-29,True,True,11,333,False,,,,False,False,False,True,False,True,False
2026-11-30,False,False,11,334,False,,,,False,False,False,True,False,True,False
2026-12-01,False,False,12,335,False,,,,False,False,False,True,False,True,False
2026-12-02,False,False,12,336,False,,,,False,False,False,True,False,True,False
2026-12-03,False,False,12,337,False,,,,False,False,False,True,False,True,False
2026-12-04,False,True,12,338,False,,,,False,False,False,True,False,True,False
2026-12-05,True,False,12,339,False,,,,False,False,False,True,False,True,False
2026-12-06,True,True,12,340,False,,,,False,False,False,True,False,True,False
2026-12-07,False,False,12,341,False,,,,False,False,False,True,False,True,False
2026-12-08,False,False,12,342,False,,,,False,False,False,True,False,True,False
2026-12-09,False,False,12,343,False,,,,False,False,False,True,False,True,False
2026-12-10,False,False,12,344,False,,,,False,False,False,True,False,True,False
2026-12-11,False,True,12,345,False,,,,False,False,False,True,False,True,False
2026-12-12,True,False,12,346,False,,,,False,False,False,True,False,True,False
2026-12-13,True,True,12,347,False,,,,False,False,False,True,False,True,False
2026-12-14,False,False,12,348,False,,,,False,False,False,True,False,True,False
2026-12-15,False,False,12,349,False,,,,False,False,False,True,False,True,False
2026-12-16,False,False,12,350,False,,,,False,False,False,False,False,False,False
2026-12-17,False,False,12,351,False,,,,False,False,False,False,False,False,False
2026-12-18,False,True,12,352,False,,Christmas,-7,False,True,False,False,False,True,False
2026-12-19,True,False,12,353,False,,Christmas,-6,False,True,False,False,False,True,False
2026-12-20,True,True,12,354,False,,Christmas,-5,False,True,False,False,False,True,False
2026-12-21,False,False,12,355,False,,Christmas,-4,False,True,False,False,False,True,False
2026-12-22,False,False,12,356,False,,Christmas,-3,False,True,False,False,False,True,False
2026-12-23,False,False,12,357,False,,Christmas,-2,False,True,False,False,False,True,False
2026-12-24,False,False,12,358,False,,Christmas,-1,False,True,False,False,False,True,False
2026-12-25,False,True,12,359,True,Christmas,Christmas,0,False,True,False,False,False,True,True
2026-12-26,True,False,12,360,False,,Christmas,1,False,True,False,False,False,True,True
2026-12-27,True,True,12,361,False,,Christmas,2,False,True,False,False,False,True,True
2026-12-28,False,False,12,362,False,,Christmas,3,False,True,False,False,False,True,False
2026-12-29,False,False,12,363,False,,Christmas,4,False,True,False,False,False,True,False
2026-12-30,False,False,12,364,False,,Christmas,5,False,True,False,False,False,True,False
2026-12-31,False,False,12,365,False,,Christmas,6,False,True,False,False,False,True,False
2027-01-01,False,True,1,1,False,,Christmas,7,False,True,False,False,False,True,False
2027-01-02,True,False,1,2,False,,Christmas,8,False,True,False,False,False,True,False
2027-01-03,True,True,1,3,False,,Christmas,9,False,True,False,False,False,True,False
2027-01-04,False,False,1,4,False,,Christmas,10,False,True,False,False,False,True,False
2027-01-05,False,False,1,5,False,,,,False,True,False,False,False,True,False
2027-01-06,False,False,1,6,False,,,,False,False,False,False,False,False,False
2027-01-07,False,False,1,7,False,,,,False,False,False,False,False,False,False
2027-01-08,False,True,1,8,False,,,,False,False,False,False,False,False,False
2027-01-09,True,False,1,9,False,,,,False,False,False,False,False,False,False
2027-01-10,True,True,1,10,False,,,,False,False,False,False,False,False,False
2027-01-11,False,False,1,11,False,,,,False,False,False,False,False,False,False
2027-01-12,False,False,1,12,False,,,,False,False,False,False,False,False,False
2027-01-13,False,False,1,13,False,,,,False,False,False,False,False,False,False
2027-01-14,False,False,1,14,False,,,,False,False,False,False,False,False,False
2027-01-15,False,True,1,15,False,,,,False,False,False,False,True,True,False
2027-01-16,True,False,1,16,False,,,,False,False,False,False,True,True,False
2027-01-17,True,True,1,17,False,,,,False,False,False,False,True,True,False
2027-01-18,False,False,1,18,False,,,,False,False,False,False,True,True,False
2027-01-19,False,False,1,19,False,,,,False,False,False,False,True,True,False
2027-01-20,False,False,1,20,False,,,,False,False,False,False,True,True,False
2027-01-21,False,False,1,21,False,,,,False,False,False,False,True,True,False
2027-01-22,False,True,1,22,False,,,,False,False,False,False,True,True,False
2027-01-23,True,False,1,23,False,,Republic Day,-3,False,False,False,False,True,True,False
2027-01-24,True,True,1,24,False,,Republic Day,-2,False,False,False,False,True,True,False
2027-01-25,False,False,1,25,False,,Republic Day,-1,False,False,False,False,True,True,False
2027-01-26,False,False,1,26,True,Republic Day,Republic Day,0,False,False,False,False,True,True,False
2027-01-27,False,False,1,27,False,,Republic Day,1,False,False,False,False,True,True,False
2027-01-28,False,False,1,28,False,,Republic Day,2,False,False,False,False,True,True,False
2027-01-29,False,True,1,29,False,,,,False,False,False,False,True,True,False
2027-01-30,True,False,1,30,False,,,,False,False,False,False,True,True,False
2027-01-31,True,True,1,31,False,,,,False,False,False,False,True,True,False
2027-02-01,False,False,2,32,False,,,,False,False,False,False,True,True,False
2027-02-02,False,False,2,33,False,,,,False,False,False,False,True,True,False
2027-02-03,False,False,2,34,False,,,,False,False,False,False,True,True,False
2027-02-04,False,False,2,35,False,,,,False,False,False,False,True,True,False
2027-02-05,False,True,2,36,False,,,,False,False,False,False,True,True,False
2027-02-06,True,False,2,37,False,,,,False,False,False,False,True,True,False
2027-02-07,True,True,2,38,False,,,,False,False,False,False,True,True,False
2027-02-08,False,False,2,39,False,,,,False,False,False,False,True,True,False
2027-02-09,False,False,2,40,False,,,,False,False,False,False,True,True,False
2027-02-10,False,False,2,41,False,,,,False,False,False,False,True,True,False
2027-02-11,False,False,2,42,False,,,,False,False,False,False,True,True,False
2027-02-12,False,True,2,43,False,,,,False,False,False,False,True,True,False
2027-02-13,True,False,2,44,False,,,,False,False,False,False,True,True,False
2027-02-14,True,True,2,45,False,,,,False,False,False,False,True,True,False
2027-02-15,False,False,2,46,False,,,,False,False,False,False,True,True,False
2027-02-16,False,False,2,47,False,,,,False,False,False,False,True,True,False
2027-02-17,False,False,2,48,False,,,,False,False,False,False,True,True,False
2027-02-18,False,False,2,49,False,,,,False,False,False,False,True,True,False
2027-02-19,False,True,2,50,False,,,,False,False,False,False,True,True,False
2027-02-20,True,False,2,51,False,,,,False,False,False,False,True,True,False
2027-02-21,True,True,2,52,False,,,,False,False,False,False,True,True,False
2027-02-22,False,False,2,53,False,,,,False,False,False,False,True,True,False
2027-02-23,False,False,2,54,False,,,,False,False,False,False,True,True,False
2027-02-24,False,False,2,55,False,,,,False,False,False,False,True,True,False
2027-02-25,False,False,2,56,False,,,,False,False,False,False,True,True,False
2027-02-26,False,True,2,57,False,,,,False,False,False,False,True,True,False
2027-02-27,True,False,2,58,False,,,,False,False,False,False,True,True,False
2027-02-28,True,True,2,59,False,,,,False,False,False,False,True,True,False
2027-03-01,False,False,3,60,False,,,,False,False,False,False,True,True,False
2027-03-02,False,False,3,61,False,,,,False,False,False,False,True,True,False
2027-03-03,False,False,3,62,False,,,,False,False,False,False,True,True,False
2027-03-04,False,False,3,63,False,,Maha Shivaratri,-2,False,False,False,False,True,True,False
2027-03-05,False,True,3,64,False,,Maha Shivaratri,-1,False,False,False,False,True,True,False
2027-03-06,True,False,3,65,True,Maha Shivaratri,Maha Shivaratri,0,False,False,False,False,True,True,False
2027-03-07,True,True,3,66,False,,Maha Shivaratri,1,False,False,False,False,True,True,False
2027-03-08,False,False,3,67,False,,Eid al-Fitr (estimated),-2,False,False,False,False,True,True,False
2027-03-09,False,False,3,68,False,,Eid al-Fitr (estimated),-1,False,False,False,False,True,True,False
2027-03-10,False,False,3,69,True,Eid al-Fitr (estimated),Eid al-Fitr (estimated),0,False,False,False,False,True,True,False
2027-03-11,False,False,3,70,False,,Eid al-Fitr (estimated),1,False,False,False,False,False,True,False
2027-03-12,False,True,3,71,False,,Eid al-Fitr (estimated),2,False,False,False,False,False,True,False
2027-03-13,True,False,3,72,False,,,,False,False,False,False,False,False,False
2027-03-14,True,True,3,73,False,,,,False,False,False,False,False,False,False
2027-03-15,False,False,3,74,False,,,,False,False,False,False,False,False,False
2027-03-16,False,False,3,75,False,,,,False,False,False,False,False,False,False
2027-03-17,False,False,3,76,False,,,,False,False,False,False,False,False,False
2027-03-18,False,False,3,77,False,,Holi,-4,False,False,False,False,False,True,False
2027-03-19,False,True,3,78,False,,Holi,-3,False,False,False,False,False,True,False
2027-03-20,True,False,3,79,False,,Holi,-2,False,False,False,False,False,True,True
2027-03-21,True,True,3,80,False,,Holi,-1,False,False,False,False,False,True,True
2027-03-22,False,False,3,81,True,Holi,Holi,0,False,False,False,False,False,True,True
2027-03-23,False,False,3,82,False,,Good Friday,-3,False,False,False,False,False,True,False
2027-03-24,False,False,3,83,False,,Good Friday,-2,False,False,False,False,False,True,False
2027-03-25,False,False,3,84,False,,Good Friday,-1,False,False,False,False,False,True,False
2027-03-26,False,True,3,85,True,Good Friday,Good Friday,0,False,False,False,False,False,True,True
2027-03-27,True,False,3,86,False,,Good Friday,1,False,False,False,False,False,True,True
2027-03-28,True,True,3,87,False,,Good Friday,2,False,False,False,False,False,True,True
2027-03-29,False,False,3,88,False,,Good Friday,3,False,False,False,False,False,True,False
2027-03-30,False,False,3,89,False,,,,False,False,False,False,False,False,False
2027-03-31,False,False,3,90,False,,,,False,False,False,False,False,False,False
2027-04-01,False,False,4,91,False,,,,False,False,False,False,False,False,False
2027-04-02,False,True,4,92,False,,,,False,False,False,False,False,False,False
2027-04-03,True,False,4,93,False,,,,False,False,False,False,False,False,False
2027-04-04,True,True,4,94,False,,,,False,False,False,False,False,False,False
2027-04-05,False,False,4,95,False,,,,False,False,False,False,False,False,False
2027-04-06,False,False,4,96,False,,,,False,False,False,False,False,False,False
2027-04-07,False,False,4,97,False,,,,False,False,False,False,False,False,False
2027-04-08,False,False,4,98,False,,,,False,False,False,False,False,False,False
2027-04-09,False,True,4,99,False,,,,False,False,False,False,False,False,False
2027-04-10,True,False,4,100,False,,,,False,False,False,False,False,False,False
2027-04-11,True,True,4,101,False,,,,False,False,False,False,False,False,False
2027-04-12,False,False,4,102,False,,Dr. B. R. Ambedkar's Birthday,-2,False,False,False,False,False,True,False
2027-04-13,False,False,4,103,False,,Ram Navami,-2,False,False,False,False,False,True,False
2027-04-14,False,False,4,104,True,Dr. B. R. Ambedkar's Birthday,Ram Navami,-1,False,False,False,False,False,True,False
2027-04-15,False,False,4,105,True,Ram Navami,Ram Navami,0,False,False,False,False,False,True,False
2027-04-16,False,True,4,106,False,,Mahavira's Birthday,-2,False,False,False,False,False,True,False
2027-04-17,True,False,4,107,False,,Mahavira's Birthday,-1,False,False,False,False,False,True,False
2027-04-18,True,True,4,108,True,Mahavira's Birthday,Mahavira's Birthday,0,False,False,False,False,False,True,False
2027-04-19,False,False,4,109,False,,Mahavira's Birthday,1,False,False,False,False,False,True,False
2027-04-20,False,False,4,110,False,,Mahavira's Birthday,2,False,False,False,False,False,True,False
2027-04-21,False,False,4,111,False,,,,False,False,False,False,False,False,False
2027-04-22,False,False,4,112,False,,,,False,False,False,False,False,False,False
2027-04-23,False,True,4,113,False,,,,False,False,False,False,False,False,False
2027-04-24,True,False,4,114,False,,,,False,False,False,False,False,False,False
2027-04-25,True,True,4,115,False,,,,False,False,False,False,False,False,False
2027-04-26,False,False,4,116,False,,,,False,False,False,False,False,False,False
2027-04-27,False,False,4,117,False,,,,False,False,False,False,False,False,False
2027-04-28,False,False,4,118,False,,,,False,False,False,False,False,False,False
2027-04-29,False,False,4,119,False,,,,False,False,False,False,False,False,False
2027-04-30,False,True,4,120,False,,,,False,False,False,False,False,False,False
2027-05-01,True,False,5,121,False,,,,True,False,False,False,False,True,False
2027-05-02,True,True,5,122,False,,,,True,False,False,False,False,True,False
2027-05-03,False,False,5,123,False,,,,True,False,False,False,False,True,False
2027-05-04,False,False,5,124,False,,,,True,False,False,False,False,True,False
2027-05-05,False,False,5,125,False,,,,True,False,False,False,False,True,False
2027-05-06,False,False,5,126,False,,,,True,False,False,False,False,True,False
2027-05-07,False,True,5,127,False,,,,True,False,False,False,False,True,False
2027-05-08,True,False,5,128,False,,,,True,False,False,False,False,True,False
2027-05-09,True,True,5,129,False,,,,True,False,False,False,False,True,False
2027-05-10,False,False,5,130,False,,,,True,False,False,False,False,True,False
2027-05-11,False,False,5,131,False,,,,True,False,False,False,False,True,False
2027-05-12,False,False,5,132,False,,,,True,False,False,False,False,True,False
2027-05-13,False,False,5,133,False,,,,True,False,False,False,False,True,False
2027-05-14,False,True,5,134,False,,,,True,False,False,False,False,True,False
2027-05-15,True,False,5,135,False,,Eid al-Adha (estimated),-2,True,False,False,False,False,True,True
2027-05-16,True,True,5,136,False,,Eid al-Adha (estimated),-1,True,False,False,False,False,True,True
2027-05-17,False,False,5,137,True,Eid al-Adha (estimated),Eid al-Adha (estimated),0,True,False,False,False,False,True,True
2027-05-18,False,False,5,138,False,,Buddha Purnima,-2,True,False,False,False,False,True,False
2027-05-19,False,False,5,139,False,,Buddha Purnima,-1,True,False,False,False,False,True,False
2027-05-20,False,False,5,140,True,Buddha Purnima,Buddha Purnima,0,True,False,False,False,False,True,False
2027-05-21,False,True,5,141,False,,Buddha Purnima,1,True,False,False,False,False,True,False
2027-05-22,True,False,5,142,False,,Buddha Purnima,2,True,False,False,False,False,True,False
2027-05-23,True,True,5,143,False,,,,True,False,False,False,False,True,False
2027-05-24,False,False,5,144,False,,,,True,False,False,False,False,True,False
2027-05-25,False,False,5,145,False,,,,True,False,False,False,False,True,False
2027-05-26,False,False,5,146,False,,,,True,False,False,False,False,True,False
2027-05-27,False,False,5,147,False,,,,True,False,False,False,False,True,False
2027-05-28,False,True,5,148,False,,,,True,False,False,False,False,True,False
2027-05-29,True,False,5,149,False,,,,True,False,False,False,False,True,False
2027-05-30,True,True,5,150,False,,,,True,False,False,False,False,True,False
2027-05-31,False,False,5,151,False,,,,True,False,False,False,False,True,False
2027-06-01,False,False,6,152,False,,,,True,False,False,False,False,True,False
2027-06-02,False,False,6,153,False,,,,True,False,False,False,False,True,False
2027-06-03,False,False,6,154,False,,,,True,False,False,False,False,True,False
2027-06-04,False,True,6,155,False,,,,True,False,False,False,False,True,False
2027-06-05,True,False,6,156,False,,,,True,False,False,False,False,True,False
2027-06-06,True,True,6,157,False,,,,True,False,False,False,False,True,False
2027-06-07,False,False,6,158,False,,,,True,False,False,False,False,True,False
2027-06-08,False,False,6,159,False,,,,True,False,False,False,False,True,False
2027-06-09,False,False,6,160,False,,,,True,False,False,False,False,True,False
2027-06-10,False,False,6,161,False,,,,True,False,False,False,False,True,False
2027-06-11,False,True,6,162,False,,,,True,False,False,False,False,True,False
2027-06-12,True,False,6,163,False,,,,True,False,False,False,False,True,False
2027-06-13,True,True,6,164,False,,,,True,False,False,False,False,True,False
2027-06-14,False,False,6,165,False,,Ashura (estimated),-2,True,False,False,False,False,True,False
2027-06-15,False,False,6,166,False,,Ashura (estimated),-1,True,False,False,False,False,True,False
2027-06-16,False,False,6,167,True,Ashura (estimated),Ashura (estimated),0,True,False,False,False,False,True,False
2027-06-17,False,False,6,168,False,,Ashura (estimated),1,True,False,False,False,False,True,False
2027-06-18,False,True,6,169,False,,Ashura (estimated),2,True,False,False,False,False,True,False
2027-06-19,True,False,6,170,False,,,,True,False,False,False,False,True,False
2027-06-20,True,True,6,171,False,,,,True,False,False,False,False,True,False
2027-06-21,False,False,6,172,False,,,,True,False,False,False,False,True,False
2027-06-22,False,False,6,173,False,,,,True,False,False,False,False,True,False
2027-06-23,False,False,6,174,False,,,,True,False,False,False,False,True,False
2027-06-24,False,False,6,175,False,,,,True,False,False,False,False,True,False
2027-06-25,False,True,6,176,False,,,,True,False,False,False,False,True,False
2027-06-26,True,False,6,177,False,,,,True,False,False,False,False,True,False
2027-06-27,True,True,6,178,False,,,,True,False,False,False,False,True,False
2027-06-28,False,False,6,179,False,,,,True,False,False,False,False,True,False
2027-06-29,False,False,6,180,False,,,,True,False,False,False,False,True,False
2027-06-30,False,False,6,181,False,,,,True,False,False,False,False,True,False
2027-07-01,False,False,7,182,False,,,,False,False,True,False,False,True,False
2027-07-02,False,True,7,183,False,,,,False,False,True,False,False,True,False
2027-07-03,True,False,7,184,False,,,,False,False,True,False,False,True,False
2027-07-04,True,True,7,185,False,,,,False,False,True,False,False,True,False
2027-07-05,False,False,7,186,False,,,,False,False,True,False,False,True,False
2027-07-06,False,False,7,187,False,,,,False,False,True,False,False,True,False
2027-07-07,False,False,7,188,False,,,,False,False,True,False,False,True,False
2027-07-08,False,False,7,189,False,,,,False,False,True,False,False,True,False
2027-07-09,False,True,7,190,False,,,,False,False,True,False,False,True,False
2027-07-10,True,False,7,191,False,,,,False,False,True,False,False,True,False
2027-07-11,True,True,7,192,False,,,,False,False,True,False,False,True,False
2027-07-12,False,False,7,193,False,,,,False,False,True,False,False,True,False
2027-07-13,False,False,7,194,False,,,,False,False,True,False,False,True,False
2027-07-14,False,False,7,195,False,,,,False,False,True,False,False,True,False
2027-07-15,False,False,7,196,False,,,,False,False,True,False,False,True,False
2027-07-16,False,True,7,197,False,,,,False,False,True,False,False,True,False
2027-07-17,True,False,7,198,False,,,,False,False,True,False,False,True,False
2027-07-18,True,True,7,199,False,,,,False,False,True,False,False,True,False
2027-07-19,False,False,7,200,False,,,,False,False,True,False,False,True,False
2027-07-20,False,False,7,201,False,,,,False,False,True,False,False,True,False
2027-07-21,False,False,7,202,False,,,,False,False,True,False,False,True,False
2027-07-22,False,False,7,203,False,,,,False,False,True,False,False,True,False
2027-07-23,False,True,7,204,False,,,,False,False,True,False,False,True,False
2027-07-24,True,False,7,205,False,,,,False,False,True,False,False,True,False
2027-07-25,True,True,7,206,False,,,,False,False,True,False,False,True,False
2027-07-26,False,False,7,207,False,,,,False,False,True,False,False,True,False
2027-07-27,False,False,7,208,False,,,,False,False,True,False,False,True,False
2027-07-28,False,False,7,209,False,,,,False,False,True,False,False,True,False
2027-07-29,False,False,7,210,False,,,,False,False,True,False,False,True,False
2027-07-30,False,True,7,211,False,,,,False,False,True,False,False,True,False
2027-07-31,True,False,7,212,False,,,,False,False,True,False,False,True,False
2027-08-01,True,True,8,213,False,,,,False,False,True,False,False,True,False
2027-08-02,False,False,8,214,False,,,,False,False,True,False,False,True,False
2027-08-03,False,False,8,215,False,,,,False,False,True,False,False,True,False
2027-08-04,False,False,8,216,False,,,,False,False,True,False,False,True,False
2027-08-05,False,False,8,217,False,,,,False,False,True,False,False,True,False
2027-08-06,False,True,8,218,False,,,,False,False,True,False,False,True,False
2027-08-07,True,False,8,219,False,,,,False,False,True,False,False,True,False
2027-08-08,True,True,8,220,False,,,,False,False,True,False,False,True,False
2027-08-09,False,False,8,221,False,,,,False,False,True,False,False,True,False
2027-08-10,False,False,8,222,False,,,,False,False,True,False,False,True,False
2027-08-11,False,False,8,223,False,,,,False,False,True,False,False,True,False
2027-08-12,False,False,8,224,False,,,,False,False,True,False,False,True,False
2027-08-13,False,True,8,225,False,,Independence Day; Prophet's Birthday (estimated),-2,False,False,True,False,False,True,False
2027-08-14,True,False,8,226,False,,Independence Day; Prophet's Birthday (estimated),-1,False,False,True,False,False,True,False
2027-08-15,True,True,8,227,True,Independence Day; Prophet's Birthday (estimated),Independence Day; Prophet's Birthday (estimated),0,False,False,True,False,False,True,False
2027-08-16,False,False,8,228,False,,Independence Day; Prophet's Birthday (estimated),1,False,False,True,False,False,True,False
2027-08-17,False,False,8,229,False,,Independence Day; Prophet's Birthday (estimated),2,False,False,True,False,False,True,False
2027-08-18,False,False,8,230,False,,,,False,False,True,False,False,True,False
2027-08-19,False,False,8,231,False,,,,False,False,True,False,False,True,False
2027-08-20,False,True,8,232,False,,,,False,False,True,False,False,True,False
2027-08-21,True,False,8,233,False,,,,False,False,True,False,False,True,False
2027-08-22,True,True,8,234,False,,,,False,False,True,False,False,True,False
2027-08-23,False,False,8,235,False,,Janmashtami (Vaishnava),-2,False,False,True,False,False,True,False
2027-08-24,False,False,8,236,False,,Janmashtami (Vaishnava),-1,False,False,True,False,False,True,False
2027-08-25,False,False,8,237,True,Janmashtami (Vaishnava),Janmashtami (Vaishnava),0,False,False,True,False,False,True,False
2027-08-26,False,False,8,238,False,,Janmashtami (Vaishnava),1,False,False,True,False,False,True,False
2027-08-27,False,True,8,239,False,,Janmashtami (Vaishnava),2,False,False,True,False,False,True,False
2027-08-28,True,False,8,240,False,,,,False,False,True,False,False,True,False
2027-08-29,True,True,8,241,False,,,,False,False,True,False,False,True,False
2027-08-30,False,False,8,242,False,,,,False,False,True,False,False,True,False
2027-08-31,False,False,8,243,False,,,,False,False,True,False,False,True,False
